Marca,Modelo,Trim,Año,Condición,Millaje,Precio,Motor,MPG,VIN,Link Ficha
Mazda,CX-30,2.5 S Aire Edition,2026,Usado,,"$37,995",4 Cilindros,,3MVDMBXL0TM207912,https://wilfredoq.inv360.me/es/vehicles/616427
Mazda,Mazda3 Hatchback,2.5 S,2025,Nuevo,,"$34,995",4 Cyl,27/35,JM1BPAJM2S1779426,https://wilfredoq.inv360.me/es/vehicles/569426
Mazda,CX-30,2.5 S,2026,Nuevo,,"$35,995",4 Cyl,24/24,3MVDMBAL2TM134373,https://wilfredoq.inv360.me/es/vehicles/601276
Mazda,CX-30,Carbon Edition,2025,Nuevo,,"$36,995",4 Cilindros,,3MVDMBCM8SM803198,https://wilfredoq.inv360.me/es/vehicles/581700
Mazda,CX-5,2.5 S,2025,Nuevo,,"$36,995",4 Cyl,23/23,JM3KFBAL0S0790907,https://wilfredoq.inv360.me/es/vehicles/601268
Mazda,CX-5,2.5 S Select Package,2025,Nuevo,,"$39,995",4 Cyl,23/23,JM3KFBBL3S0792147,https://wilfredoq.inv360.me/es/vehicles/594412
Mazda,CX-5,2.5 S Select,2026,Nuevo,,"$42,995",4 Cilindros,,JM3KMBHA9T0145040,https://wilfredoq.inv360.me/es/vehicles/610595
Mazda,CX-5,2.5 S Preferred Package,2025,Nuevo,,"$42,995",4 Cyl,0/0,JM3KFBCM6S0793848,https://wilfredoq.inv360.me/es/vehicles/601271
Mazda,CX-50,2.5 S Premium,2026,Nuevo,,"$48,995",4 Cyl,24/24,7MMVABDL8TN451882,https://wilfredoq.inv360.me/es/vehicles/601273
Mazda,CX-5,2.5 S Premium,2026,Nuevo,,"$49,995",4 Cilindros,,JM3KMDHA8T0100540,https://wilfredoq.inv360.me/es/vehicles/611165
Mazda,CX-50,Hybrid Premium Plus,2026,Nuevo,,"$53,995",4 Cyl Híbrido,39/39,7MMVAAEW9TN157877,https://wilfredoq.inv360.me/es/vehicles/594411
Mazda,CX-50,Hybrid Premium Plus,2026,Nuevo,,"$54,995",4 Cil. Híbrido,,7MMVAAEW3TN153906,https://wilfredoq.inv360.me/es/vehicles/616426
Mazda,CX-90,Premium Sport,2026,Nuevo,,"$64,995",6 Cil. en línea,23/28,JM3KKCHD8T1354477,https://wilfredoq.inv360.me/es/vehicles/596193
Mazda,CX-70,3.3 Turbo S Premium,2026,Nuevo,,"$66,995",6 Cil. en línea,23/28,JM3KJDHC6T1205307,https://wilfredoq.inv360.me/es/vehicles/594294
Mazda,CX-70,3.3 Turbo S Premium Plus,2026,Nuevo,,"$73,995",6 Cil. en línea,,JM3KJEHC0T1205289,https://wilfredoq.inv360.me/es/vehicles/621522
Kia,Rio,LX,2020,Usado,"39,603","$11,995",4 Cyl,33/33,3KPA24AD1LE277551,https://wilfredoq.inv360.me/es/vehicles/581664
Kia,Sportage,LX,2017,Usado,"101,480","$12,995",4 Cyl,23/23,KNDPM3AC9H7048810,https://wilfredoq.inv360.me/es/vehicles/581696
Kia,Rio,LX,2022,Usado,"54,239","$14,995",4 Cilindros,,,
Toyota,Yaris Sedan,L,2020,Usado,"62,765","$14,995",4 Cyl,30/30,3MYDLBYV6LY709810,https://wilfredoq.inv360.me/es/vehicles/593634
Hyundai,Accent,SE,2022,Usado,"45,852","$14,995",4 Cyl,33/33,3KPC24A63NE187413,https://wilfredoq.inv360.me/es/vehicles/581679
Mitsubishi,Mirage G4,ES,2024,Usado,"16,451","$15,995",3 Cilindros,,,
Hyundai,Accent,SE,2022,Usado,"56,485","$15,995",4 Cyl,33/41,3KPC24A68NE171286,https://wilfredoq.inv360.me/es/vehicles/593628
Kia,Rio,LX,2022,Usado,"36,278","$15,995",4 Cyl,33/33,3KPA24AD2NE502322,https://wilfredoq.inv360.me/es/vehicles/581670
Toyota,Yaris Sedan,L,2020,Usado,"78,175","$15,995",4 Cyl,30/30,3MYDLBYV5LY711760,https://wilfredoq.inv360.me/es/vehicles/581666
Hyundai,Accent,SE,2022,Usado,"40,689","$16,995",4 Cyl,33/41,3KPC24A67NE169593,https://wilfredoq.inv360.me/es/vehicles/593626
Ford,Econoline Cargo Van,Commercial,2014,Usado,"139,890","$16,995",8 Cyl,13/16,1FTNE1EW7EDA67267,https://wilfredoq.inv360.me/es/vehicles/552225
Ford,Bronco Sport,Base,2021,Usado,"28,172","$17,995",3 Cyl,25/25,3FMCR9A66MRA41860,https://wilfredoq.inv360.me/es/vehicles/601272
Hyundai,Venue,SE,2023,Usado,"26,159","$18,995",4 Cyl,29/29,KMHRB8A32PU244918,https://wilfredoq.inv360.me/es/vehicles/594352
Nissan,Versa,,2022,Usado,"32,180","$18,995",4 Cyl,32/32,3N1CN8DV2NL827823,https://wilfredoq.inv360.me/es/vehicles/434589
Nissan,Sentra,S,2022,Usado,"39,973","$19,995",4 Cyl,29/29,3N1AB8BV4NY263890,https://wilfredoq.inv360.me/es/vehicles/581683
Kia,Forte,,2023,Usado,"40,060","$19,995",4 Cyl,28/39,3KPF24ADXPE689690,https://wilfredoq.inv360.me/es/vehicles/551757
Toyota,4Runner,SR5,2013,Usado,"169,524","$20,995",V6,,,
Hyundai,Venue,SE,2024,Usado,"40,634","$20,995",4 Cyl,29/29,KMHRB8A36RU284289,https://wilfredoq.inv360.me/es/vehicles/561494
Toyota,Corolla,L,2022,Usado,"46,999","$20,995",4 Cyl,30/30,JTDGPMAE4NJ226569,https://wilfredoq.inv360.me/es/vehicles/569417
Toyota,Corolla,L,2022,Usado,"39,783","$21,995",4 Cyl,30/30,JTDDPMAE0NJ190401,https://wilfredoq.inv360.me/es/vehicles/569419
Toyota,Corolla,L,2022,Usado,"46,798","$22,995",4 Cyl,30/30,JTDDPMAE5N3013427,https://wilfredoq.inv360.me/es/vehicles/581669
Toyota,Corolla,LE,2022,Usado,"54,144","$22,995",4 Cyl,30/30,JTDHPMAE8N3032278,https://wilfredoq.inv360.me/es/vehicles/581667
Toyota,Corolla,L,2022,Usado,"44,884","$22,995",4 Cyl,30/30,JTDDPMAE3N3031098,https://wilfredoq.inv360.me/es/vehicles/581665
Toyota,Corolla,LE,2023,Usado,"22,899","$22,995",4 Cyl,32/32,JTDB4MEE1P3007234,https://wilfredoq.inv360.me/es/vehicles/569428
Kia,Soul,LX,2024,Usado,"29,150","$22,995",4 Cyl,29/29,KNDJ23AU4R7227052,https://wilfredoq.inv360.me/es/vehicles/561501
Kia,Soul,,2024,Usado,"18,959","$22,995",4 Cyl,29/35,KNDJ23AU2R7910836,https://wilfredoq.inv360.me/es/vehicles/551761
Toyota,Corolla,LE,2023,Usado,"37,783","$23,995",4 Cyl,32/32,JTDB4MEE5PJ003019,https://wilfredoq.inv360.me/es/vehicles/581643
Ford,Bronco Sport,Big Bend,2021,Usado,"42,120","$23,995",3 Cyl,25/25,3FMCR9B67MRA89687,https://wilfredoq.inv360.me/es/vehicles/569427
Hyundai,Venue,SE,2025,Usado,"21,173","$23,995",4 Cyl,29/29,KMHRB8A31SU349359,https://wilfredoq.inv360.me/es/vehicles/561500
Toyota,Corolla,LE,2024,Usado,"22,453","$24,995",4 Cilindros,,,
Toyota,Corolla,LE,2023,Usado,"33,498","$24,995",4 Cilindros,,,
Toyota,Corolla,LE,2024,Usado,"44,057","$24,995",4 Cyl,31/40,JTDB4MEE9R3007384,https://wilfredoq.inv360.me/es/vehicles/594087
Toyota,Corolla,LE,2023,Usado,"60,040","$24,995",4 Cyl,32/41,JTDB4MEE4P3011603,https://wilfredoq.inv360.me/es/vehicles/593620
Toyota,Corolla Hatchback,SE,2024,Usado,"32,373","$24,995",4 Cyl,32/32,JTND4MBE9R3216099,https://wilfredoq.inv360.me/es/vehicles/581695
Toyota,Corolla,LE,2024,Usado,"13,379","$24,995",4 Cyl,31/31,JTDB4MEE2R3025969,https://wilfredoq.inv360.me/es/vehicles/581672
Chevrolet,Colorado,,2022,Usado,"27,610","$24,995",4 Cyl,19/25,1GCHSCEA8N1226806,https://wilfredoq.inv360.me/es/vehicles/551756
Toyota,Corolla,LE,2025,Usado,"6,776","$25,995",4 Cyl,32/41,JTDB4MEE9S3031953,https://wilfredoq.inv360.me/es/vehicles/593622
Toyota,Corolla,LE,2025,Usado,"11,395","$25,995",4 Cyl,32/41,JTDB4MEE8S3028011,https://wilfredoq.inv360.me/es/vehicles/593621
Toyota,Tacoma,2WD SR,2022,Usado,"17,756","$25,995",4 Cyl,20/20,3TYRX5GN4NT036025,https://wilfredoq.inv360.me/es/vehicles/581673
Toyota,Corolla,LE,2025,Usado,"16,019","$25,995",4 Cyl,32/32,JTDB4MEE3SJ019759,https://wilfredoq.inv360.me/es/vehicles/581711
Toyota,Corolla,LE,2025,Usado,"32,526","$25,995",4 Cyl,32/32,JTDB4MEE0S3027208,https://wilfredoq.inv360.me/es/vehicles/581680
Toyota,Corolla Cross,L,2023,Usado,"26,803","$26,995",4 Cilindros,,,
Toyota,Corolla,SE,2022,Usado,"41,923","$27,995",4 Cilindros,,,
Chevrolet,Silverado 1500,Work Truck,2021,Usado,"29,522","$27,995",V6,14/14,1GCRWAEHXMZ308594,https://wilfredoq.inv360.me/es/vehicles/581697
Mitsubishi,Outlander,SE,2024,Usado,"36,954","$28,995",4 Cilindros,,,
Toyota,Corolla Cross,L,2024,Usado,"16,095","$28,995",4 Cyl,31/31,7MUAAAAG6RV075224,https://wilfredoq.inv360.me/es/vehicles/598590
Hyundai,Tucson,SE,2025,Usado,"17,372","$28,995",4 Cyl,25/25,KM8JA3DE5SU368822,https://wilfredoq.inv360.me/es/vehicles/600420
Toyota,Corolla,LE,2025,Usado,198,"$28,995",4 Cyl,32/32,JTDB4MEE4S3030015,https://wilfredoq.inv360.me/es/vehicles/581691
Toyota,RAV4,XLE,2023,Usado,"28,770","$29,995",4 Cilindros,,,
Jeep,Wrangler,Sport S,2023,Usado,"55,605","$29,995",V6,17/17,1C4HJXDG5PW597184,https://wilfredoq.inv360.me/es/vehicles/601279
Kia,Carnival,LX,2024,Usado,"43,325","$29,995",V6,19/26,KNDNB4H38R6419570,https://wilfredoq.inv360.me/es/vehicles/594410
Ford,Maverick,XL,2024,Usado,"22,093","$30,995",,,,
Jeep,Wrangler,,2023,Usado,"50,321","$31,995",V6,17/23,1C4HJXDG5PW575041,https://wilfredoq.inv360.me/es/vehicles/551775
Hyundai,Santa Cruz,SE,2024,Usado,"21,383","$32,995",,,,
Toyota,Highlander,LE,2022,Usado,,"$32,995",,,,
Jeep,Grand Cherokee,SRT8,2013,Usado,"35,336","$32,995",8 Cyl,12/12,1C4RJFDJ2DC606267,https://wilfredoq.inv360.me/es/vehicles/483588
Ford,F-150,XL,2024,Usado,"36,788","$34,995",8 Cilindros,,,
Toyota,Tacoma,2WD SR,2025,Usado,"26,826","$35,995",4 Cilindros,,,
Chevrolet,Silverado 1500,WT,2024,Usado,"23,130","$38,995",,,,
Nissan,Pathfinder,SV,2024,Usado,"20,682","$38,995",V6,0/0,5N1DR3BD6RC271693,https://wilfredoq.inv360.me/es/vehicles/596722
Jeep,Wrangler,Willys,2024,Usado,"39,090","$39,995",,,,
Toyota,Tundra,4WD SR5,2022,Usado,"35,128","$39,995",V6,17/17,5TFLA5DB3NX039683,https://wilfredoq.inv360.me/es/vehicles/601809
Ford,Súper Duty F-550 DRW,,2017,Usado,"151,079","$39,995",8 Cyl,,1FDUF5GT8HDA01569,https://wilfredoq.inv360.me/es/vehicles/510102
Ford,Súper Duty F-550 DRW,,2018,Usado,"185,574","$39,995",8 Cyl,,1FDUF5GT4JDA04443,https://wilfredoq.inv360.me/es/vehicles/494243
Toyota,Tacoma,2WD SR5,2024,Usado,"19,627","$42,995",,,,
Ford,Súper Duty F-550 DRW,XL,2018,Usado,"76,500","$45,995",8 Cyl,,1FDUF5GT0JEC34359,https://wilfredoq.inv360.me/es/vehicles/561503
Ford,F-150,STX,2024,Usado,"36,313","$49,995",,,,
Freightliner,M2,,2017,Usado,"398,322","$51,995",,0/0,3ALACWDT5HDJA5672,https://wilfredoq.inv360.me/es/vehicles/463456
Ford,Súper Duty F-550 DRW,XL,2018,Usado,"92,192","$64,995",10 Cyl,,1FDUF5GY1JEC28615,https://wilfredoq.inv360.me/es/vehicles/463781
Mitsubishi,Mirage G4,ES,2024,Usado,"24,928",,3 Cyl,35/41,ML32FUFJ8RHF03178,https://wilfredoq.inv360.me/es/vehicles/598381
